order_id,reason,flagged_on
5812000022197,spam: card-testing burst,2025-11-03
5812000022198,spam: card-testing burst,2025-11-03
5812000022199,spam: card-testing burst,2025-11-03
5812000022200,spam: card-testing burst,2025-11-03
5812000022201,spam: card-testing burst,2025-11-03
5812000022202,spam: card-testing burst,2025-11-03
5812000022203,spam: card-testing burst,2025-11-03
5812000022204,spam: card-testing burst,2025-11-03
5812000022205,spam: card-testing burst,2025-11-03
5812000022206,spam: card-testing burst,2025-11-03
5812000022207,spam: card-testing burst,2025-11-03
5812000022208,spam: card-testing burst,2025-11-03
5812000022209,spam: card-testing burst,2025-11-03
5812000022210,spam: card-testing burst,2025-11-03
5812000022211,spam: card-testing burst,2025-11-03
5812000022212,spam: card-testing burst,2025-11-03
5812000022213,spam: card-testing burst,2025-11-03
5812000022214,spam: card-testing burst,2025-11-03
5812000022215,spam: card-testing burst,2025-11-03
5812000022216,spam: card-testing burst,2025-11-03
5812000022217,spam: card-testing burst,2025-11-03
5812000022218,spam: card-testing burst,2025-11-03
5812000022219,spam: card-testing burst,2025-11-03
5812000022220,spam: card-testing burst,2025-11-03
5812000022221,spam: card-testing burst,2025-11-03
5812000022222,spam: card-testing burst,2025-11-03
5812000022223,spam: card-testing burst,2025-11-03
5812000022224,spam: card-testing burst,2025-11-03
5812000022225,spam: card-testing burst,2025-11-03
5812000022226,spam: card-testing burst,2025-11-03
5812000022227,spam: card-testing burst,2025-11-03
5812000022228,spam: card-testing burst,2025-11-03
5812000022229,spam: card-testing burst,2025-11-03
5812000022230,spam: card-testing burst,2025-11-03
5812000022231,spam: card-testing burst,2025-11-03
5812000022232,spam: card-testing burst,2025-11-03
5812000022233,spam: card-testing burst,2025-11-03
5812000022234,spam: card-testing burst,2025-11-03
5812000022235,spam: card-testing burst,2025-11-03
5812000022236,spam: card-testing burst,2025-11-03
5812000022237,spam: card-testing burst,2025-11-03
5812000022238,spam: card-testing burst,2025-11-03
5812000022239,spam: card-testing burst,2025-11-03
5812000022240,spam: card-testing burst,2025-11-03
5812000022241,spam: card-testing burst,2025-11-03
5812000022242,spam: card-testing burst,2025-11-03
5812000022243,spam: card-testing burst,2025-11-03
5812000022244,spam: card-testing burst,2025-11-03
5812000022245,spam: card-testing burst,2025-11-03
5812000022246,spam: card-testing burst,2025-11-03
5812000022247,spam: card-testing burst,2025-11-03
5812000022248,spam: card-testing burst,2025-11-03
5812000022249,spam: card-testing burst,2025-11-03
5812000022250,spam: card-testing burst,2025-11-03
5812000022251,spam: card-testing burst,2025-11-03
5812000022252,spam: card-testing burst,2025-11-03
5812000022253,spam: card-testing burst,2025-11-03
5812000022254,spam: card-testing burst,2025-11-03
5812000022255,spam: card-testing burst,2025-11-03
5812000022256,spam: card-testing burst,2025-11-03
5812000022257,spam: card-testing burst,2025-11-03
5812000022258,spam: card-testing burst,2025-11-03
5812000022259,spam: card-testing burst,2025-11-03
5812000022260,spam: card-testing burst,2025-11-03
5812000022261,spam: card-testing burst,2025-11-03
5812000022262,spam: card-testing burst,2025-11-03
5812000022263,spam: card-testing burst,2025-11-03
5812000022264,spam: card-testing burst,2025-11-03
5812000022265,spam: card-testing burst,2025-11-03
5812000022266,spam: card-testing burst,2025-11-03
5812000022267,spam: card-testing burst,2025-11-03
5812000022268,spam: card-testing burst,2025-11-03
5812000022269,spam: card-testing burst,2025-11-03
5812000022270,spam: card-testing burst,2025-11-03
5812000022271,spam: card-testing burst,2025-11-03
5812000022272,spam: card-testing burst,2025-11-03
5812000022273,spam: card-testing burst,2025-11-03
5812000022274,spam: card-testing burst,2025-11-03
5812000022275,spam: card-testing burst,2025-11-03
5812000022276,spam: card-testing burst,2025-11-03
5812000022277,spam: card-testing burst,2025-11-03
5812000022278,spam: card-testing burst,2025-11-03
5812000022279,spam: card-testing burst,2025-11-03
5812000022280,spam: card-testing burst,2025-11-03
5812000022281,spam: card-testing burst,2025-11-03
